name ,surname
jae,cotter
meta,hereford
anita,bohman
anjanette,hilderbrand
ronda,totman
nena,lukach
reiko,mertens
in,dumire
horacio,traub
jina,coon
denna,lawley
theda,copen
leota,difiore
lauran,cottone
reyes,corney
cherly,mcgarry
diego,aaronson
eli,tseng
annamae,steiger
zena,holliman
tabitha,limon
teddy,campisi
ludie,dominick
eleanora,mosbey
gertrude,pesina
melanie,jerez
venessa,siggers
maryann,cappelli
eneida,brathwaite
rachelle,palm
annabell,makela
aracely,olivarez
palmer,lopinto
johnny,solares
patty,cape
lloyd,fugate
caren,climer
inell,wiste
hiedi,giroux
lavenia,dibenedetto
stephaine,bence
sparkle,baros
moriah,gustin
whitley,fleury
melonie,gerardi
epifania,riddles
taina,tillery
indira,fontanez
tamisha,pafford
rachael,travis
joey,hultman
kimberly,noah
naomi,pridmore
sueann,boothe
corine,leight
veronique,wenthold
jeanie,callis
madelyn,weiner
roseline,bratcher
saturnina,mohl
francine,spengler
wanita,lorenzana
seth,heacock
leo,hearn
evangeline,lichtenberger
agnes,jasik
aurore,mifflin
maris,lea
maurine,rendon
tawanna,ruggles
antonietta,landi
melania,crotty
shea,perreault
luisa,donatelli
yahaira,rylander
jennell,beachy
keenan,bickers
rosia,nordquist
aleida,trudeau
charlotte,strout
blanche,meekins
vita,tanner
phylis,shreve
calandra,larocco
britney,wax
arianne,ginther
hiedi,foree
staci,parnell
celsa,lacayo
catharine,bump
isabella,duren
kizzy,yocum
cristy,paluch
damon,pizer
ozella,wand
delta,steffens
ciera,dotts
ka,griffieth
mee,fujii
conchita,seavey
